plate,raw_track,expected_stage_flow,actual_stage_flow,expected_report_sequence,actual_report_sequence,status
0037BK,2026-03-18 10:16:48 Drive-In In,Drive In,Drive In,Drive In [2026-03-18 10:16:48 → ∅],Drive In [2026-03-18T10:16:48.211 → ∅],DIFF
0542KA,2026-03-19 10:19:50 Post In (Post 1) ; 2026-03-19 10:23:57 Post Out (Post 1) ; 2026-03-19 10:46:27 Post Out (Post 1) ; 2026-03-19 13:37:10 Post In (Post 1),Service* → Post 1,Service → Post 1,Service [∅ → 2026-03-19 10:19:49] ; Post 1 [2026-03-19 10:19:50 → ∅],Service [∅ → 2026-03-19T10:19:49.204] ; Post 1 [2026-03-19T10:19:50.204 → ∅],DIFF
1163KK,2026-03-18 15:55:07 Post In (Post 1),Service* → Post 1,Service → Post 1,Service [∅ → 2026-03-18 15:55:06] ; Post 1 [2026-03-18 15:55:07 → ∅],Service [∅ → 2026-03-18T15:55:06.697] ; Post 1 [2026-03-18T15:55:07.697 → ∅],DIFF
16BP2782,2026-03-19 12:18:35 Service Out,Service* → Backyard,Service → Backyard,Service [∅ → 2026-03-19 12:18:35] ; Backyard [2026-03-19 12:18:35 → ∅],Service [∅ → 2026-03-19T12:18:35.128] ; Backyard [2026-03-19T12:18:35.128 → ∅],DIFF
4444PO,2026-03-18 16:59:37 Post In (Post 1) ; 2026-03-19 09:03:21 Post In (Post 1),Service* → Post 1,Service → Post 1,Service [∅ → 2026-03-18 16:59:36] ; Post 1 [2026-03-18 16:59:37 → ∅],Service [∅ → 2026-03-18T16:59:36.927] ; Post 1 [2026-03-18T16:59:37.927 → ∅],DIFF
47071KK,2026-03-19 11:52:02 Service -> Drive-In ; 2026-03-19 12:00:39 Service -> Drive-In ; 2026-03-19 12:00:40 Service -> Drive-In,Test-Drive,Test-Drive,Test-Drive [2026-03-19 11:52:02 → 2026-03-19 12:00:38],Test-Drive [2026-03-19T11:52:02.778 → 2026-03-19T12:00:38.565],DIFF
6050PH,2026-03-19 10:52:29 Service Out ; 2026-03-19 10:53:41 Service Out ; 2026-03-19 10:55:07 Service Out ; 2026-03-19 10:56:35 Service Out ; 2026-03-19 11:09:05 Service Out ; 2026-03-19 11:10:17 Service Out ; 2026-03-19 11:11:19 Service Out,Service* → Backyard → Service* → Service* → Service* → Service* → Service* → Service*,Service → Backyard,Service [∅ → 2026-03-19 10:52:29] ; Backyard [2026-03-19 10:52:29 → ∅] ; Service [∅ → 2026-03-19 10:53:41] ; Service [∅ → 2026-03-19 10:55:07] ; Service [∅ → 2026-03-19 10:56:35] ; Service [∅ → 2026-03-19 11:09:05] ; Service [∅ → 2026-03-19 11:10:17] ; Service [∅ → 2026-03-19 11:11:19],Service [∅ → 2026-03-19T10:52:29.641] ; Backyard [2026-03-19T10:52:29.641 → ∅],DIFF
7726AC,2026-03-18 10:44:43 Service In,Service,Service,Service [2026-03-18 10:44:43 → ∅],Service [2026-03-18T10:44:43.823 → ∅],DIFF
7726AO,2026-03-18 17:52:03 Drive-In In,Drive In,Drive In,Drive In [2026-03-18 17:52:03 → ∅],Drive In [2026-03-18T17:52:03.984 → ∅],DIFF
777477,2026-03-19 12:40:39 Post In (Post 2),Service* → Post 2,Service → Post 2,Service [∅ → 2026-03-19 12:40:38] ; Post 2 [2026-03-19 12:40:39 → ∅],Service [∅ → 2026-03-19T12:40:38.127] ; Post 2 [2026-03-19T12:40:39.127 → ∅],DIFF
9725AO,2026-03-18 17:52:04 Drive-In In,Drive In,Drive In,Drive In [2026-03-18 17:52:04 → ∅],Drive In [2026-03-18T17:52:04.173 → ∅],DIFF
9726AC,2026-03-18 10:43:13 Service In,Service,Service,Service [2026-03-18 10:43:13 → ∅],Service [2026-03-18T10:43:13.944 → ∅],DIFF
A1163KK,2026-03-18 14:40:38 Post In (Post 1) ; 2026-03-18 14:42:11 Post Out (Post 1) ; 2026-03-18 15:02:52 Post Out (Post 1),Service* → Post 1,Service → Post 1,Service [∅ → 2026-03-18 14:40:37] ; Post 1 [2026-03-18 14:40:38 → ∅],Service [∅ → 2026-03-18T14:40:37.612] ; Post 1 [2026-03-18T14:40:38.612 → ∅],DIFF
A3370BH,2026-03-17 17:55:07 Drive-In -> Service,Backyard,Backyard,Backyard [2026-03-17 17:55:07 → ∅],Backyard [2026-03-17T17:55:07.015 → ∅],DIFF
A6050PH,2026-03-19 10:54:10 Service Out ; 2026-03-19 11:12:34 Service Out,Service* → Backyard → Service*,Service → Backyard,Service [∅ → 2026-03-19 10:54:10] ; Backyard [2026-03-19 10:54:10 → ∅] ; Service [∅ → 2026-03-19 11:12:34],Service [∅ → 2026-03-19T10:54:10.416] ; Backyard [2026-03-19T10:54:10.416 → ∅],DIFF
A7828BB,2026-03-18 09:12:18 Drive-In In,Drive In,Drive In,Drive In [2026-03-18 09:12:18 → ∅],Drive In [2026-03-18T09:12:18.724 → ∅],DIFF
A8186EB,2026-03-17 14:29:53 Parking In,Parking,Parking,Parking [2026-03-17 14:29:53 → ∅],Parking [2026-03-17T14:29:53.692 → ∅],DIFF
AA0007XA,2026-03-19 10:35:51 Service -> Drive-In ; 2026-03-19 10:37:51 Service -> Drive-In ; 2026-03-19 10:56:06 Drive-In -> Service ; 2026-03-19 10:56:31 Service In ; 2026-03-19 11:18:21 Service Out ; 2026-03-19 11:23:15 Service In ; 2026-03-19 11:24:15 Service Out ; 2026-03-19 11:26:22 Service In ; 2026-03-19 11:28:43 Service In ; 2026-03-19 14:07:29 Service Out ; 2026-03-19 14:13:25 Drive-In -> Service,Test-Drive → Backyard → Service → Backyard → Service → Backyard → Service → Backyard,Test-Drive → Backyard → Service → Backyard → Service → Backyard → Service → Backyard,Test-Drive [2026-03-19 10:37:51 → 2026-03-19 10:56:05] ; Backyard [2026-03-19 10:56:06 → 2026-03-19 10:56:30] ; Service [2026-03-19 10:56:31 → 2026-03-19 11:18:20] ; Backyard [2026-03-19 11:18:21 → 2026-03-19 11:23:14] ; Service [2026-03-19 11:23:15 → 2026-03-19 11:24:14] ; Backyard [2026-03-19 11:24:15 → 2026-03-19 11:26:21] ; Service [2026-03-19 11:26:22 → 2026-03-19 14:07:28] ; Backyard [2026-03-19 14:07:29 → ∅],Test-Drive [2026-03-19T10:37:51.561 → 2026-03-19T10:56:05.220] ; Backyard [2026-03-19T10:56:06.220 → 2026-03-19T10:56:30.186] ; Service [2026-03-19T10:56:31.186 → 2026-03-19T11:18:20.292] ; Backyard [2026-03-19T11:18:21.292 → 2026-03-19T11:23:14.148] ; Service [2026-03-19T11:23:15.148 → 2026-03-19T11:24:14.227] ; Backyard [2026-03-19T11:24:15.227 → 2026-03-19T11:26:21.749] ; Service [2026-03-19T11:26:22.749 → 2026-03-19T14:07:28.122] ; Backyard [2026-03-19T14:07:29.122 → ∅],DIFF
AA0009MH,2026-03-19 08:59:23 Service -> Drive-In ; 2026-03-19 09:17:38 Drive-In -> Service ; 2026-03-19 09:19:31 Parking Out,Test-Drive → Backyard → Parking*,Test-Drive → Backyard,Test-Drive [2026-03-19 08:59:23 → 2026-03-19 09:17:37] ; Backyard [2026-03-19 09:17:38 → ∅] ; Parking [∅ → 2026-03-19 09:19:31],Test-Drive [2026-03-19T08:59:23.622 → 2026-03-19T09:17:37.301] ; Backyard [2026-03-19T09:17:38.301 → ∅],DIFF
AA0011KB,2026-03-19 09:33:49 Service -> Drive-In ; 2026-03-19 10:06:12 Drive-In -> Service ; 2026-03-19 10:06:40 Service In ; 2026-03-19 10:50:43 Service In ; 2026-03-19 10:55:56 Service In ; 2026-03-19 13:39:19 Service In ; 2026-03-19 13:44:42 Service Out,Test-Drive → Backyard → Service → Backyard,Test-Drive → Backyard → Service → Backyard,Test-Drive [2026-03-19 09:33:49 → 2026-03-19 10:06:11] ; Backyard [2026-03-19 10:06:12 → 2026-03-19 10:06:39] ; Service [2026-03-19 10:06:40 → 2026-03-19 13:44:41] ; Backyard [2026-03-19 13:44:42 → ∅],Test-Drive [2026-03-19T09:33:49.062 → 2026-03-19T10:06:11.519] ; Backyard [2026-03-19T10:06:12.519 → 2026-03-19T10:06:39.187] ; Service [2026-03-19T10:06:40.187 → 2026-03-19T13:44:41.271] ; Backyard [2026-03-19T13:44:42.271 → ∅],DIFF
AA0023EH,2026-03-17 13:58:44 Drive-In -> Service ; 2026-03-17 14:00:01 Service -> Drive-In ; 2026-03-17 14:01:06 Parking Out ; 2026-03-17 16:18:05 Parking In ; 2026-03-17 16:21:01 Drive-In -> Service,Backyard → Parking* → Backyard → Parking → Backyard,Backyard → Parking → Backyard → Parking → Backyard,Backyard [2026-03-17 13:58:44 → 2026-03-17 14:00:00] ; Parking [∅ → 2026-03-17 14:01:06] ; Backyard [2026-03-17 14:01:06 → 2026-03-17 16:18:04] ; Parking [2026-03-17 16:18:05 → 2026-03-17 16:21:00] ; Backyard [2026-03-17 16:21:01 → ∅],Backyard [2026-03-17T13:58:44.215 → 2026-03-17T14:00:00.315] ; Parking [∅ → 2026-03-17T14:01:06.144] ; Backyard [2026-03-17T14:01:06.144 → 2026-03-17T16:18:04.895] ; Parking [2026-03-17T16:18:05.895 → 2026-03-17T16:21:00.961] ; Backyard [2026-03-17T16:21:01.961 → ∅],DIFF
AA0202OK,2026-03-18 13:42:52 Service -> Drive-In,,,,,OK
AA0999KC,2026-03-17 18:56:41 Service -> Drive-In,,,,,OK
AA1204YA,2026-03-19 10:37:59 Service -> Drive-In,,,,,OK
AA1448II,2026-03-18 08:27:24 Service -> Drive-In ; 2026-03-18 10:09:05 Service -> Drive-In,,,,,OK
AA1552OK,2026-03-17 13:54:03 Drive-In -> Service ; 2026-03-18 12:40:33 Drive-In -> Service,Backyard,Backyard,Backyard [2026-03-17 13:54:03 → ∅],Backyard [2026-03-17T13:54:03.568 → ∅],DIFF
AA1674MK,2026-03-19 12:26:32 Service -> Drive-In,,,,,OK
AA2292XT,2026-03-17 12:52:25 Parking In ; 2026-03-17 12:59:45 Drive-In -> Service,Parking → Backyard,Parking → Backyard,Parking [2026-03-17 12:52:25 → 2026-03-17 12:59:44] ; Backyard [2026-03-17 12:59:45 → ∅],Parking [2026-03-17T12:52:25.532 → 2026-03-17T12:59:44.223] ; Backyard [2026-03-17T12:59:45.223 → ∅],DIFF
AA3163YC,2026-03-18 08:37:43 Service -> Drive-In ; 2026-03-19 13:23:36 Drive-In -> Service ; 2026-03-19 13:24:53 Drive-In -> Service,Backyard,Backyard,Backyard [2026-03-19 13:23:36 → ∅],Backyard [2026-03-19T13:23:36.924 → ∅],DIFF
AA3279OK,2026-03-17 16:20:25 Service In ; 2026-03-17 16:25:13 Service In,Service,Service,Service [2026-03-17 16:20:25 → ∅],Service [2026-03-17T16:20:25.786 → ∅],DIFF
AA4244AB,2026-03-18 18:14:06 Service -> Drive-In,,,,,OK
AA4379TI,2026-03-17 13:53:36 Service -> Drive-In ; 2026-03-17 14:07:18 Drive-In -> Service,Test-Drive → Backyard,Test-Drive → Backyard,Test-Drive [2026-03-17 13:53:36 → 2026-03-17 14:07:17] ; Backyard [2026-03-17 14:07:18 → ∅],Test-Drive [2026-03-17T13:53:36.129 → 2026-03-17T14:07:17.615] ; Backyard [2026-03-17T14:07:18.615 → ∅],DIFF
AA4444PO,2026-03-18 16:04:13 Service In ; 2026-03-18 16:04:37 Post Out (Post 1) ; 2026-03-18 16:05:37 Post Out (Post 1) ; 2026-03-18 16:06:37 Post In (Post 1) ; 2026-03-18 16:08:33 Post In (Post 1) ; 2026-03-18 16:09:52 Post In (Post 1) ; 2026-03-18 16:13:51 Post In (Post 1) ; 2026-03-18 16:21:07 Post In (Post 1) ; 2026-03-18 16:26:15 Post In (Post 1) ; 2026-03-18 16:27:15 Post Out (Post 1) ; 2026-03-18 16:30:25 Post In (Post 1) ; 2026-03-18 16:31:25 Post In (Post 1) ; 2026-03-18 16:37:44 Post Out (Post 1) ; 2026-03-18 16:38:44 Post In (Post 1) ; 2026-03-18 16:39:51 Post In (Post 1) ; 2026-03-18 16:40:51 Post Out (Post 1) ; 2026-03-18 16:57:11 Post In (Post 1) ; 2026-03-18 16:59:03 Post Out (Post 1) ; 2026-03-18 17:00:03 Post In (Post 1) ; 2026-03-18 17:11:47 Post In (Post 1) ; 2026-03-18 17:12:47 Post In (Post 1) ; 2026-03-18 17:13:47 Post Out (Post 1) ; 2026-03-18 17:14:47 Post Out (Post 1) ; 2026-03-18 17:15:48 Post In (Post 1) ; 2026-03-18 17:17:00 Service Out ; 2026-03-18 17:28:50 Service In ; 2026-03-18 17:55:41 Service Out ; 2026-03-19 08:19:17 Post Out (Post 1) ; 2026-03-19 08:20:17 Post In (Post 1) ; 2026-03-19 08:37:01 Post In (Post 1) ; 2026-03-19 08:38:04 Post In (Post 1) ; 2026-03-19 08:39:04 Post Out (Post 1) ; 2026-03-19 08:52:31 Post In (Post 1) ; 2026-03-19 08:53:46 Post In (Post 1) ; 2026-03-19 09:00:01 Post In (Post 1) ; 2026-03-19 09:01:01 Post In (Post 1) ; 2026-03-19 09:02:15 Post In (Post 1) ; 2026-03-19 09:03:15 Post Out (Post 1) ; 2026-03-19 09:04:15 Post Out (Post 1) ; 2026-03-19 09:05:42 Post In (Post 1) ; 2026-03-19 09:12:34 Post In (Post 1) ; 2026-03-19 09:17:07 Post In (Post 1) ; 2026-03-19 09:18:07 Post Out (Post 1) ; 2026-03-19 09:20:44 Post Out (Post 1) ; 2026-03-19 09:22:08 Post Out (Post 1) ; 2026-03-19 09:23:08 Post Out (Post 1) ; 2026-03-19 09:25:02 Post In (Post 1) ; 2026-03-19 09:26:14 Post In (Post 1) ; 2026-03-19 09:27:38 Post In (Post 1) ; 2026-03-19 09:29:03 Post In (Post 1) ; 2026-03-19 09:31:30 Post In (Post 1) ; 2026-03-19 09:33:09 Post In (Post 1) ; 2026-03-19 09:34:27 Post In (Post 1) ; 2026-03-19 09:35:43 Post In (Post 1) ; 2026-03-19 09:36:43 Post In (Post 1) ; 2026-03-19 09:37:49 Post In (Post 1) ; 2026-03-19 09:45:13 Post In (Post 1) ; 2026-03-19 09:46:14 Post Out (Post 1) ; 2026-03-19 09:48:05 Post In (Post 1) ; 2026-03-19 09:56:36 Post In (Post 1) ; 2026-03-19 09:58:14 Post In (Post 1) ; 2026-03-19 09:59:14 Post In (Post 1) ; 2026-03-19 09:59:15 Post In (Post 1) ; 2026-03-19 10:06:36 Post In (Post 1) ; 2026-03-19 10:13:40 Service Out ; 2026-03-19 11:09:13 Service -> Drive-In,Service → Post 1* → Service → Post 1* → Service → Post 1 → Service → Backyard → Service → Backyard → Post 1* → Service → Post 1 → Service → Backyard,Service → Post 1 → Service → Post 1 → Service → Post 1 → Service → Backyard → Service → Backyard → Post 1 → Service → Post 1 → Service → Backyard,Service [2026-03-18 16:04:13 → ∅] ; Post 1 [∅ → 2026-03-18 16:04:37] ; Service [2026-03-18 16:04:37 → ∅] ; Post 1 [∅ → 2026-03-18 16:05:37] ; Service [2026-03-18 16:05:37 → 2026-03-18 16:06:36] ; Post 1 [2026-03-18 16:06:37 → 2026-03-18 17:14:47] ; Service [2026-03-18 17:14:48 → 2026-03-18 17:17:00] ; Backyard [2026-03-18 17:17:00 → 2026-03-18 17:28:49] ; Service [2026-03-18 17:28:50 → 2026-03-18 17:55:40] ; Backyard [2026-03-18 17:55:41 → ∅] ; Post 1 [∅ → 2026-03-19 08:19:17] ; Service [2026-03-19 08:19:17 → 2026-03-19 08:20:16] ; Post 1 [2026-03-19 08:20:17 → 2026-03-19 09:46:14] ; Service [2026-03-19 09:46:15 → 2026-03-19 10:13:40] ; Backyard [2026-03-19 10:13:40 → 2026-03-19 11:09:12],Service [2026-03-18T16:04:13.859 → 2026-03-18T16:04:36.761] ; Post 1 [∅ → 2026-03-18T16:04:37.761] ; Service [2026-03-18T16:04:37.761 → 2026-03-18T16:05:36.953] ; Post 1 [∅ → 2026-03-18T16:05:37.953] ; Service [2026-03-18T16:05:37.953 → 2026-03-18T16:06:36.999] ; Post 1 [2026-03-18T16:06:37.999 → 2026-03-18T17:14:47.984] ; Service [2026-03-18T17:14:48.984 → 2026-03-18T17:17:00.652] ; Backyard [2026-03-18T17:17:00.652 → 2026-03-18T17:28:49.385] ; Service [2026-03-18T17:28:50.385 → 2026-03-18T17:55:40.213] ; Backyard [2026-03-18T17:55:41.213 → 2026-03-19T08:19:16.395] ; Post 1 [∅ → 2026-03-19T08:19:17.395] ; Service [2026-03-19T08:19:17.395 → 2026-03-19T08:20:16.449] ; Post 1 [2026-03-19T08:20:17.449 → 2026-03-19T09:46:14.098] ; Service [2026-03-19T09:46:15.098 → 2026-03-19T10:13:40.695] ; Backyard [2026-03-19T10:13:40.695 → 2026-03-19T11:09:12.679],DIFF
AA5310PC,2026-03-19 13:05:20 Drive-In -> Service ; 2026-03-19 13:08:08 Drive-In -> Service,Backyard,Backyard,Backyard [2026-03-19 13:05:20 → ∅],Backyard [2026-03-19T13:05:20.438 → ∅],DIFF
AA8365BC,2026-03-17 14:05:30 Service -> Drive-In ; 2026-03-17 14:22:03 Drive-In -> Service ; 2026-03-17 16:44:33 Service In ; 2026-03-17 17:12:50 Service In ; 2026-03-17 17:53:35 Service -> Drive-In ; 2026-03-17 17:57:14 Drive-In -> Service,Test-Drive → Backyard → Service → Backyard,Test-Drive → Backyard → Service → Backyard,Test-Drive [2026-03-17 14:05:30 → 2026-03-17 14:22:02] ; Backyard [2026-03-17 14:22:03 → 2026-03-17 16:44:32] ; Service [2026-03-17 16:44:33 → 2026-03-17 17:53:34] ; Backyard [2026-03-17 17:57:14 → ∅],Test-Drive [2026-03-17T14:05:30.188 → 2026-03-17T14:22:02.216] ; Backyard [2026-03-17T14:22:03.216 → 2026-03-17T16:44:32.269] ; Service [2026-03-17T16:44:33.269 → 2026-03-17T17:53:34.124] ; Backyard [2026-03-17T17:57:14.058 → ∅],DIFF
AA8845BO,2026-03-17 17:57:18 Drive-In -> Service,Backyard,Backyard,Backyard [2026-03-17 17:57:18 → ∅],Backyard [2026-03-17T17:57:18.225 → ∅],DIFF
AB2050HI,2026-03-19 08:53:49 Service -> Drive-In ; 2026-03-19 09:20:51 Drive-In -> Service ; 2026-03-19 12:31:44 Service In,Test-Drive → Backyard → Service,Test-Drive → Backyard → Service,Test-Drive [2026-03-19 08:53:49 → 2026-03-19 09:20:50] ; Backyard [2026-03-19 09:20:51 → 2026-03-19 12:31:43] ; Service [2026-03-19 12:31:44 → ∅],Test-Drive [2026-03-19T08:53:49.884 → 2026-03-19T09:20:50.855] ; Backyard [2026-03-19T09:20:51.855 → 2026-03-19T12:31:43.153] ; Service [2026-03-19T12:31:44.153 → ∅],DIFF
AE0022MX,2026-03-18 12:05:50 Service -> Drive-In ; 2026-03-18 12:30:50 Drive-In -> Service ; 2026-03-18 12:31:19 Service In ; 2026-03-18 14:50:27 Service Out ; 2026-03-18 14:51:01 Service -> Drive-In ; 2026-03-18 15:06:35 Drive-In -> Service,Test-Drive → Backyard → Service → Backyard → Test-Drive → Backyard,Test-Drive → Backyard → Service → Backyard → Test-Drive → Backyard,Test-Drive [2026-03-18 12:05:50 → 2026-03-18 12:30:49] ; Backyard [2026-03-18 12:30:50 → 2026-03-18 12:31:18] ; Service [2026-03-18 12:31:19 → 2026-03-18 14:50:26] ; Backyard [2026-03-18 14:50:27 → 2026-03-18 14:51:00] ; Test-Drive [2026-03-18 14:51:01 → 2026-03-18 15:06:34] ; Backyard [2026-03-18 15:06:35 → ∅],Test-Drive [2026-03-18T12:05:50.237 → 2026-03-18T12:30:49.326] ; Backyard [2026-03-18T12:30:50.326 → 2026-03-18T12:31:18.570] ; Service [2026-03-18T12:31:19.570 → 2026-03-18T14:50:26.556] ; Backyard [2026-03-18T14:50:27.556 → 2026-03-18T14:51:00.748] ; Test-Drive [2026-03-18T14:51:01.748 → 2026-03-18T15:06:34.144] ; Backyard [2026-03-18T15:06:35.144 → ∅],DIFF
AE253H,2026-03-19 12:31:48 Service Out,Service* → Backyard,Service → Backyard,Service [∅ → 2026-03-19 12:31:48] ; Backyard [2026-03-19 12:31:48 → ∅],Service [∅ → 2026-03-19T12:31:48.362] ; Backyard [2026-03-19T12:31:48.362 → ∅],DIFF
AE9059HC,2026-03-17 15:42:56 Drive-In -> Service,Backyard,Backyard,Backyard [2026-03-17 15:42:56 → ∅],Backyard [2026-03-17T15:42:56.668 → ∅],DIFF
AI0454CK,2026-03-19 08:02:30 Service -> Drive-In,,,,,OK
AI0468BP,2026-03-19 09:20:49 Service -> Drive-In ; 2026-03-19 09:25:19 Drive-In -> Service,Backyard,Backyard,Backyard [2026-03-19 09:25:19 → ∅],Backyard [2026-03-19T09:25:19.681 → ∅],DIFF
AI0718TA,2026-03-18 08:47:15 Service -> Drive-In ; 2026-03-19 08:44:21 Service -> Drive-In,,,,,OK
AI1711EH,2026-03-18 09:13:41 Service -> Drive-In ; 2026-03-19 08:33:16 Service -> Drive-In,,,,,OK
AI1881YB,2026-03-18 11:51:28 Service -> Drive-In ; 2026-03-19 12:00:31 Service -> Drive-In,,,,,OK
AI2010E,2026-03-17 13:15:04 Drive-In -> Service,Backyard,Backyard,Backyard [2026-03-17 13:15:04 → ∅],Backyard [2026-03-17T13:15:04.064 → ∅],DIFF
AI2013YB,2026-03-17 13:07:25 Service -> Drive-In,,,,,OK
AI2018YB,2026-03-17 13:14:59 Drive-In -> Service,Backyard,Backyard,Backyard [2026-03-17 13:14:59 → ∅],Backyard [2026-03-17T13:14:59.862 → ∅],DIFF
AI3186PE,2026-03-19 08:45:29 Service -> Drive-In,,,,,OK
AI5553CO,2026-03-19 11:10:01 Service -> Drive-In,,,,,OK
AI8888OX,2026-03-17 14:39:18 Service -> Drive-In ; 2026-03-17 15:24:02 Drive-In -> Service,Test-Drive → Backyard,Test-Drive → Backyard,Test-Drive [2026-03-17 14:39:18 → 2026-03-17 15:24:01] ; Backyard [2026-03-17 15:24:02 → ∅],Test-Drive [2026-03-17T14:39:18.354 → 2026-03-17T15:24:01.352] ; Backyard [2026-03-17T15:24:02.352 → ∅],DIFF
AM7435AH,2026-03-17 16:44:28 Drive-In -> Service ; 2026-03-17 16:48:19 Drive-In -> Service ; 2026-03-18 16:42:57 Drive-In -> Service ; 2026-03-18 16:45:17 Drive-In -> Service,Backyard,Backyard,Backyard [2026-03-17 16:44:28 → ∅],Backyard [2026-03-17T16:44:28.634 → ∅],DIFF
B2450HI,2026-03-19 08:54:11 Drive-In In,Drive In,Drive In,Drive In [2026-03-19 08:54:11 → ∅],Drive In [2026-03-19T08:54:11.186 → ∅],DIFF
BA7777TA,2026-03-19 10:43:56 Service -> Drive-In ; 2026-03-19 10:55:53 Drive-In -> Service ; 2026-03-19 14:23:14 Drive-In -> Service,Test-Drive → Backyard,Test-Drive → Backyard,Test-Drive [2026-03-19 10:43:56 → 2026-03-19 10:55:52] ; Backyard [2026-03-19 10:55:53 → ∅],Test-Drive [2026-03-19T10:43:56.994 → 2026-03-19T10:55:52.024] ; Backyard [2026-03-19T10:55:53.024 → ∅],DIFF
BA7777TH,2026-03-19 11:00:48 Service In,Service,Service,Service [2026-03-19 11:00:48 → ∅],Service [2026-03-19T11:00:48.446 → ∅],DIFF
BH7295TI,2026-03-19 09:57:11 Service -> Drive-In ; 2026-03-19 10:05:58 Drive-In -> Service ; 2026-03-19 10:06:39 Service In ; 2026-03-19 10:12:40 Service Out ; 2026-03-19 10:18:31 Service In ; 2026-03-19 12:23:46 Service In ; 2026-03-19 13:14:44 Service In ; 2026-03-19 13:22:24 Drive-In -> Service ; 2026-03-19 13:22:55 Service In ; 2026-03-19 13:49:30 Service In ; 2026-03-19 13:49:41 Service Out,Test-Drive → Backyard → Service → Backyard → Service → Backyard → Service → Backyard,Test-Drive → Backyard → Service → Backyard → Service → Backyard → Service → Backyard,Test-Drive [2026-03-19 09:57:11 → 2026-03-19 10:05:57] ; Backyard [2026-03-19 10:05:58 → 2026-03-19 10:06:38] ; Service [2026-03-19 10:06:39 → 2026-03-19 10:12:39] ; Backyard [2026-03-19 10:12:40 → 2026-03-19 10:18:30] ; Service [2026-03-19 10:18:31 → 2026-03-19 13:22:23] ; Backyard [2026-03-19 13:22:24 → 2026-03-19 13:22:54] ; Service [2026-03-19 13:22:55 → 2026-03-19 13:49:40] ; Backyard [2026-03-19 13:49:41 → ∅],Test-Drive [2026-03-19T09:57:11.647 → 2026-03-19T10:05:57.025] ; Backyard [2026-03-19T10:05:58.025 → 2026-03-19T10:06:38.026] ; Service [2026-03-19T10:06:39.026 → 2026-03-19T10:12:39.648] ; Backyard [2026-03-19T10:12:40.648 → 2026-03-19T10:18:30.038] ; Service [2026-03-19T10:18:31.038 → 2026-03-19T13:22:23.808] ; Backyard [2026-03-19T13:22:24.808 → 2026-03-19T13:22:54.167] ; Service [2026-03-19T13:22:55.167 → 2026-03-19T13:49:40.663] ; Backyard [2026-03-19T13:49:41.663 → ∅],DIFF
BH7777TA,2026-03-19 14:09:44 Service Out,Service* → Backyard,Service → Backyard,Service [∅ → 2026-03-19 14:09:44] ; Backyard [2026-03-19 14:09:44 → ∅],Service [∅ → 2026-03-19T14:09:44.484] ; Backyard [2026-03-19T14:09:44.484 → ∅],DIFF
BI7883CX,2026-03-18 14:25:11 Service -> Drive-In,,,,,OK
BI7888CX,2026-03-18 14:24:49 Service -> Drive-In ; 2026-03-18 14:50:35 Drive-In -> Service ; 2026-03-18 14:51:14 Service In ; 2026-03-18 17:55:07 Service Out,Test-Drive → Backyard → Service → Backyard,Test-Drive → Backyard → Service → Backyard,Test-Drive [2026-03-18 14:24:49 → 2026-03-18 14:50:34] ; Backyard [2026-03-18 14:50:35 → 2026-03-18 14:51:13] ; Service [2026-03-18 14:51:14 → 2026-03-18 17:55:06] ; Backyard [2026-03-18 17:55:07 → ∅],Test-Drive [2026-03-18T14:24:49.477 → 2026-03-18T14:50:34.437] ; Backyard [2026-03-18T14:50:35.437 → 2026-03-18T14:51:13.185] ; Service [2026-03-18T14:51:14.185 → 2026-03-18T17:55:06.423] ; Backyard [2026-03-18T17:55:07.423 → ∅],DIFF
BK0542K,2026-03-19 10:31:26 Post Out (Post 1) ; 2026-03-19 11:14:53 Post In (Post 1),Post 1* → Service → Post 1,Post 1 → Service → Post 1,Post 1 [∅ → 2026-03-19 10:31:26] ; Service [2026-03-19 10:31:26 → 2026-03-19 11:14:52] ; Post 1 [2026-03-19 11:14:53 → ∅],Post 1 [∅ → 2026-03-19T10:31:26.078] ; Service [2026-03-19T10:31:26.078 → 2026-03-19T11:14:52.233] ; Post 1 [2026-03-19T11:14:53.233 → ∅],DIFF
BK0542KA,2026-03-19 09:04:51 Service -> Drive-In ; 2026-03-19 10:02:03 Drive-In -> Service ; 2026-03-19 10:02:32 Service In ; 2026-03-19 10:09:58 Post Out (Post 1) ; 2026-03-19 10:10:58 Post Out (Post 1) ; 2026-03-19 10:12:55 Post In (Post 1) ; 2026-03-19 10:20:49 Post Out (Post 1) ; 2026-03-19 10:21:49 Post Out (Post 1) ; 2026-03-19 10:23:35 Post In (Post 1) ; 2026-03-19 10:25:50 Post In (Post 1) ; 2026-03-19 10:26:50 Post In (Post 1) ; 2026-03-19 10:26:51 Post Out (Post 1) ; 2026-03-19 10:28:44 Post In (Post 1) ; 2026-03-19 10:31:37 Post In (Post 1) ; 2026-03-19 10:32:37 Post In (Post 1) ; 2026-03-19 10:32:38 Post In (Post 1) ; 2026-03-19 10:36:23 Post In (Post 1) ; 2026-03-19 10:43:50 Post In (Post 1) ; 2026-03-19 10:45:49 Post Out (Post 1) ; 2026-03-19 10:46:49 Post Out (Post 1) ; 2026-03-19 10:47:49 Post Out (Post 1) ; 2026-03-19 10:48:50 Post Out (Post 1) ; 2026-03-19 10:55:51 Post In (Post 1) ; 2026-03-19 11:07:10 Post Out (Post 1) ; 2026-03-19 11:14:12 Post Out (Post 1) ; 2026-03-19 11:15:12 Post In (Post 1) ; 2026-03-19 11:15:13 Post Out (Post 1) ; 2026-03-19 11:19:25 Post In (Post 1) ; 2026-03-19 11:38:08 Post Out (Post 1) ; 2026-03-19 11:47:00 Post In (Post 1) ; 2026-03-19 12:14:42 Post Out (Post 1) ; 2026-03-19 12:21:33 Post Out (Post 1) ; 2026-03-19 12:24:53 Post Out (Post 1) ; 2026-03-19 12:29:05 Post In (Post 1) ; 2026-03-19 12:36:50 Post Out (Post 1) ; 2026-03-19 12:37:56 Post Out (Post 1) ; 2026-03-19 12:37:57 Post Out (Post 1) ; 2026-03-19 12:40:22 Post Out (Post 1) ; 2026-03-19 12:41:59 Post In (Post 1) ; 2026-03-19 12:47:49 Post In (Post 1) ; 2026-03-19 12:54:28 Post In (Post 1) ; 2026-03-19 13:00:25 Post In (Post 1) ; 2026-03-19 13:00:26 Post In (Post 1) ; 2026-03-19 13:03:54 Post In (Post 1) ; 2026-03-19 13:32:57 Post In (Post 1) ; 2026-03-19 13:33:57 Post Out (Post 1) ; 2026-03-19 13:34:57 Post In (Post 1) ; 2026-03-19 13:40:57 Post Out (Post 1) ; 2026-03-19 13:41:57 Post Out (Post 1) ; 2026-03-19 13:43:13 Post Out (Post 1) ; 2026-03-19 13:44:52 Post Out (Post 1) ; 2026-03-19 13:58:12 Post In (Post 1) ; 2026-03-19 13:59:12 Post Out (Post 1) ; 2026-03-19 14:00:12 Post Out (Post 1) ; 2026-03-19 14:01:12 Post In (Post 1) ; 2026-03-19 14:02:12 Post In (Post 1) ; 2026-03-19 14:05:09 Post Out (Post 1) ; 2026-03-19 14:06:46 Post In (Post 1) ; 2026-03-19 14:08:47 Post Out (Post 1) ; 2026-03-19 14:13:36 Post Out (Post 1) ; 2026-03-19 14:20:50 Post In (Post 1) ; 2026-03-19 14:24:17 Post Out (Post 1),Test-Drive → Backyard → Service → Post 1* → Service → Post 1* → Service → Post 1,Test-Drive → Backyard → Service → Post 1 → Service → Post 1 → Service → Post 1,Test-Drive [2026-03-19 09:04:51 → 2026-03-19 10:02:02] ; Backyard [2026-03-19 10:02:03 → 2026-03-19 10:02:31] ; Service [2026-03-19 10:02:32 → ∅] ; Post 1 [∅ → 2026-03-19 10:09:58] ; Service [2026-03-19 10:09:58 → ∅] ; Post 1 [∅ → 2026-03-19 10:10:58] ; Service [2026-03-19 10:10:58 → 2026-03-19 10:12:54] ; Post 1 [2026-03-19 10:12:55 → ∅],Test-Drive [2026-03-19T09:04:51.384 → 2026-03-19T10:02:02.461] ; Backyard [2026-03-19T10:02:03.461 → 2026-03-19T10:02:31.246] ; Service [2026-03-19T10:02:32.246 → 2026-03-19T10:09:57.321] ; Post 1 [∅ → 2026-03-19T10:09:58.321] ; Service [2026-03-19T10:09:58.321 → 2026-03-19T10:10:57.640] ; Post 1 [∅ → 2026-03-19T10:10:58.640] ; Service [2026-03-19T10:10:58.640 → 2026-03-19T10:12:54.285] ; Post 1 [2026-03-19T10:12:55.285 → ∅],DIFF
BK0542Y,2026-03-19 12:21:38 Post Out (Post 1),Post 1* → Service,Post 1 → Service,Post 1 [∅ → 2026-03-19 12:21:38] ; Service [2026-03-19 12:21:38 → ∅],Post 1 [∅ → 2026-03-19T12:21:38.111] ; Service [2026-03-19T12:21:38.111 → ∅],DIFF
BK8888TP,2026-03-18 13:23:27 Service -> Drive-In ; 2026-03-18 16:56:09 Drive-In -> Service ; 2026-03-18 16:56:37 Service In ; 2026-03-19 10:54:46 Service In ; 2026-03-19 13:29:45 Service Out,Backyard → Service → Backyard,Backyard → Service → Backyard,Backyard [2026-03-18 16:56:09 → 2026-03-18 16:56:36] ; Service [2026-03-18 16:56:37 → 2026-03-19 13:29:44] ; Backyard [2026-03-19 13:29:45 → ∅],Backyard [2026-03-18T16:56:09.236 → 2026-03-18T16:56:36.093] ; Service [2026-03-18T16:56:37.093 → 2026-03-19T13:29:44.969] ; Backyard [2026-03-19T13:29:45.969 → ∅],DIFF
BM0594ZA,2026-03-19 08:55:34 Service -> Drive-In ; 2026-03-19 09:12:32 Drive-In -> Service ; 2026-03-19 10:47:40 Service Out ; 2026-03-19 10:48:04 Service -> Drive-In ; 2026-03-19 11:05:34 Drive-In -> Service,Test-Drive → Backyard → Service* → Test-Drive → Backyard,Test-Drive → Backyard → Test-Drive → Backyard,Test-Drive [2026-03-19 08:55:34 → 2026-03-19 09:12:31] ; Backyard [2026-03-19 09:12:32 → 2026-03-19 10:48:03] ; Service [∅ → 2026-03-19 10:47:40] ; Test-Drive [2026-03-19 10:48:04 → 2026-03-19 11:05:33] ; Backyard [2026-03-19 11:05:34 → ∅],Test-Drive [2026-03-19T08:55:34.859 → 2026-03-19T09:12:31.837] ; Backyard [2026-03-19T09:12:32.837 → 2026-03-19T10:48:03.582] ; Test-Drive [2026-03-19T10:48:04.582 → 2026-03-19T11:05:33.215] ; Backyard [2026-03-19T11:05:34.215 → ∅],DIFF
BM1401CH,2026-03-18 11:57:18 Drive-In -> Service,Backyard,Backyard,Backyard [2026-03-18 11:57:18 → ∅],Backyard [2026-03-18T11:57:18.736 → ∅],DIFF
BM9995AO,2026-03-18 09:25:10 Service -> Drive-In ; 2026-03-18 09:37:59 Drive-In -> Service ; 2026-03-18 09:38:28 Service In ; 2026-03-18 16:24:40 Service Out ; 2026-03-18 16:27:01 Service In ; 2026-03-18 16:41:19 Service In ; 2026-03-18 17:00:56 Drive-In -> Service ; 2026-03-18 17:01:20 Service In ; 2026-03-18 17:52:45 Service -> Drive-In,Test-Drive → Backyard → Service → Backyard → Service → Backyard → Service,Test-Drive → Backyard → Service → Backyard → Service → Backyard → Service,Test-Drive [2026-03-18 09:25:10 → 2026-03-18 09:37:58] ; Backyard [2026-03-18 09:37:59 → 2026-03-18 09:38:27] ; Service [2026-03-18 09:38:28 → 2026-03-18 16:24:39] ; Backyard [2026-03-18 16:24:40 → 2026-03-18 16:27:00] ; Service [2026-03-18 16:27:01 → 2026-03-18 17:00:55] ; Backyard [2026-03-18 17:00:56 → 2026-03-18 17:01:19] ; Service [2026-03-18 17:01:20 → 2026-03-18 17:52:44],Test-Drive [2026-03-18T09:25:10.080 → 2026-03-18T09:37:58.885] ; Backyard [2026-03-18T09:37:59.885 → 2026-03-18T09:38:27.421] ; Service [2026-03-18T09:38:28.421 → 2026-03-18T16:24:39.885] ; Backyard [2026-03-18T16:24:40.885 → 2026-03-18T16:27:00.365] ; Service [2026-03-18T16:27:01.365 → 2026-03-18T17:00:55.634] ; Backyard [2026-03-18T17:00:56.634 → 2026-03-18T17:01:19.486] ; Service [2026-03-18T17:01:20.486 → 2026-03-18T17:52:44.722],DIFF
CA4443AO,2026-03-19 14:02:08 Parking In,Parking,Parking,Parking [2026-03-19 14:02:08 → ∅],Parking [2026-03-19T14:02:08.212 → ∅],DIFF
CA7272BB,2026-03-18 15:44:07 Drive-In -> Service,Backyard,Backyard,Backyard [2026-03-18 15:44:07 → ∅],Backyard [2026-03-18T15:44:07.033 → ∅],DIFF
CA7475HP,2026-03-18 14:40:26 Service -> Drive-In ; 2026-03-18 14:41:29 Parking Out,Parking* → Backyard,Parking → Backyard,Parking [∅ → 2026-03-18 14:41:29] ; Backyard [2026-03-18 14:41:29 → ∅],Parking [∅ → 2026-03-18T14:41:29.279] ; Backyard [2026-03-18T14:41:29.279 → ∅],DIFF
E742CA,2026-03-18 17:55:11 Service Out,Service* → Backyard,Service → Backyard,Service [∅ → 2026-03-18 17:55:11] ; Backyard [2026-03-18 17:55:11 → ∅],Service [∅ → 2026-03-18T17:55:11.426] ; Backyard [2026-03-18T17:55:11.426 → ∅],DIFF
EM9395AO,2026-03-18 09:37:58 Drive-In -> Service,Backyard,Backyard,Backyard [2026-03-18 09:37:58 → ∅],Backyard [2026-03-18T09:37:58.101 → ∅],DIFF
H2518AM,2026-03-17 17:37:10 Drive-In -> Service,Backyard,Backyard,Backyard [2026-03-17 17:37:10 → ∅],Backyard [2026-03-17T17:37:10.973 → ∅],DIFF
H6050PH,2026-03-19 11:12:51 Service Out,Service* → Backyard,Service → Backyard,Service [∅ → 2026-03-19 11:12:51] ; Backyard [2026-03-19 11:12:51 → ∅],Service [∅ → 2026-03-19T11:12:51.065] ; Backyard [2026-03-19T11:12:51.065 → ∅],DIFF
H7295TI,2026-03-19 13:15:18 Service Out,Service* → Backyard,Service → Backyard,Service [∅ → 2026-03-19 13:15:18] ; Backyard [2026-03-19 13:15:18 → ∅],Service [∅ → 2026-03-19T13:15:18.800] ; Backyard [2026-03-19T13:15:18.800 → ∅],DIFF
HH9726AC,2026-03-18 09:55:42 Drive-In -> Service ; 2026-03-18 10:22:23 Drive-In -> Service ; 2026-03-18 10:26:17 Service -> Drive-In ; 2026-03-18 10:42:10 Drive-In -> Service ; 2026-03-18 10:42:41 Service In ; 2026-03-18 10:44:34 Service In ; 2026-03-18 16:08:39 Service In ; 2026-03-18 17:51:42 Service -> Drive-In ; 2026-03-19 09:46:22 Drive-In -> Service,Backyard → Test-Drive → Backyard → Service || Backyard,Backyard → Test-Drive → Backyard → Service → Backyard,Backyard [2026-03-18 09:55:42 → 2026-03-18 10:26:16] ; Test-Drive [2026-03-18 10:26:17 → 2026-03-18 10:42:09] ; Backyard [2026-03-18 10:42:10 → 2026-03-18 10:42:40] ; Service [2026-03-18 10:42:41 → 2026-03-18 17:51:41] || Backyard [2026-03-19 09:46:22 → ∅],Backyard [2026-03-18T09:55:42.723 → 2026-03-18T10:26:16.304] ; Test-Drive [2026-03-18T10:26:17.304 → 2026-03-18T10:42:09.477] ; Backyard [2026-03-18T10:42:10.477 → 2026-03-18T10:42:40.256] ; Service [2026-03-18T10:42:41.256 → 2026-03-18T17:51:41.406] ; Backyard [2026-03-19T09:46:22.752 → ∅],DIFF
K5555XP,2026-03-19 14:14:23 Service In,Service,Service,Service [2026-03-19 14:14:23 → ∅],Service [2026-03-19T14:14:23.366 → ∅],DIFF
KA0004XA,2026-03-18 12:28:28 Service -> Drive-In ; 2026-03-18 12:45:05 Drive-In -> Service ; 2026-03-18 12:45:34 Service -> Drive-In ; 2026-03-18 12:46:30 Service In ; 2026-03-18 14:10:26 Post In (Post 2) ; 2026-03-18 18:17:27 Service In ; 2026-03-19 08:56:03 Service In ; 2026-03-19 09:45:52 Service -> Drive-In ; 2026-03-19 13:18:16 Drive-In -> Service,Test-Drive → Backyard → Service → Post 2 → Service || Backyard,Test-Drive → Backyard → Service → Post 2 → Service → Backyard,Test-Drive [2026-03-18 12:28:28 → 2026-03-18 12:45:04] ; Backyard [2026-03-18 12:45:05 → 2026-03-18 12:45:33] ; Service [2026-03-18 12:46:30 → 2026-03-18 14:10:25] ; Post 2 [2026-03-18 14:10:26 → 2026-03-18 18:17:26] ; Service [2026-03-18 18:17:27 → 2026-03-19 09:45:51] || Backyard [2026-03-19 13:18:16 → ∅],Test-Drive [2026-03-18T12:28:28.476 → 2026-03-18T12:45:04.756] ; Backyard [2026-03-18T12:45:05.756 → 2026-03-18T12:45:33.332] ; Service [2026-03-18T12:46:30.145 → 2026-03-18T14:10:25.622] ; Post 2 [2026-03-18T14:10:26.622 → 2026-03-18T18:17:26.171] ; Service [2026-03-18T18:17:27.171 → 2026-03-19T09:45:51.602] ; Backyard [2026-03-19T13:18:16.252 → ∅],DIFF
KA0007TP,2026-03-19 11:48:43 Parking In,Parking,Parking,Parking [2026-03-19 11:48:43 → ∅],Parking [2026-03-19T11:48:43.058 → ∅],DIFF
KA0008OT,2026-03-17 16:06:46 Service -> Drive-In ; 2026-03-17 16:22:18 Drive-In -> Service,Test-Drive → Backyard,Test-Drive → Backyard,Test-Drive [2026-03-17 16:06:46 → 2026-03-17 16:22:17] ; Backyard [2026-03-17 16:22:18 → ∅],Test-Drive [2026-03-17T16:06:46.842 → 2026-03-17T16:22:17.975] ; Backyard [2026-03-17T16:22:18.975 → ∅],DIFF
KA0068BI,2026-03-17 15:08:38 Service -> Drive-In ; 2026-03-17 15:52:14 Drive-In -> Service,Test-Drive → Backyard,Test-Drive → Backyard,Test-Drive [2026-03-17 15:08:38 → 2026-03-17 15:52:13] ; Backyard [2026-03-17 15:52:14 → ∅],Test-Drive [2026-03-17T15:08:38.426 → 2026-03-17T15:52:13.497] ; Backyard [2026-03-17T15:52:14.497 → ∅],DIFF
KA0078MM,2026-03-17 14:52:21 Service -> Drive-In ; 2026-03-17 15:05:00 Drive-In -> Service ; 2026-03-17 15:05:52 Service In ; 2026-03-17 15:16:57 Service In ; 2026-03-17 18:10:21 Service In ; 2026-03-18 10:14:26 Service -> Drive-In ; 2026-03-18 12:34:35 Drive-In -> Service,Test-Drive → Backyard → Service || Backyard,Test-Drive → Backyard → Service → Backyard,Test-Drive [2026-03-17 14:52:21 → 2026-03-17 15:04:59] ; Backyard [2026-03-17 15:05:00 → 2026-03-17 15:05:51] ; Service [2026-03-17 15:05:52 → 2026-03-18 10:14:25] || Backyard [2026-03-18 12:34:35 → ∅],Test-Drive [2026-03-17T14:52:21.356 → 2026-03-17T15:04:59.376] ; Backyard [2026-03-17T15:05:00.376 → 2026-03-17T15:05:51.786] ; Service [2026-03-17T15:05:52.786 → 2026-03-18T10:14:25.037] ; Backyard [2026-03-18T12:34:35.742 → ∅],DIFF
KA0082XH,2026-03-17 13:47:45 Service -> Drive-In,,,,,OK
KA0082XM,2026-03-17 13:11:28 Service -> Drive-In ; 2026-03-17 13:17:08 Drive-In -> Service ; 2026-03-17 13:27:30 Service -> Drive-In ; 2026-03-17 13:42:14 Drive-In -> Service ; 2026-03-17 15:52:19 Drive-In -> Service ; 2026-03-17 15:52:54 Service In ; 2026-03-18 17:34:19 Service Out ; 2026-03-18 17:40:47 Drive-In -> Service ; 2026-03-19 11:38:00 Drive-In -> Service,Test-Drive → Backyard → Test-Drive → Backyard → Service → Backyard,Test-Drive → Backyard → Test-Drive → Backyard → Service → Backyard,Test-Drive [2026-03-17 13:11:28 → 2026-03-17 13:17:07] ; Backyard [2026-03-17 13:17:08 → 2026-03-17 13:27:29] ; Test-Drive [2026-03-17 13:27:30 → 2026-03-17 13:42:13] ; Backyard [2026-03-17 13:42:14 → 2026-03-17 15:52:53] ; Service [2026-03-17 15:52:54 → 2026-03-18 17:34:18] ; Backyard [2026-03-18 17:34:19 → ∅],Test-Drive [2026-03-17T13:11:28.461 → 2026-03-17T13:17:07.474] ; Backyard [2026-03-17T13:17:08.474 → 2026-03-17T13:27:29.875] ; Test-Drive [2026-03-17T13:27:30.875 → 2026-03-17T13:42:13.520] ; Backyard [2026-03-17T13:42:14.520 → 2026-03-17T15:52:53.532] ; Service [2026-03-17T15:52:54.532 → 2026-03-18T17:34:18.037] ; Backyard [2026-03-18T17:34:19.037 → ∅],DIFF
KA0087BK,2026-03-18 10:16:28 Service -> Drive-In ; 2026-03-18 10:45:22 Drive-In -> Service ; 2026-03-18 12:12:38 Service -> Drive-In ; 2026-03-18 12:50:22 Drive-In -> Service,Test-Drive → Backyard → Test-Drive → Backyard,Test-Drive → Backyard → Test-Drive → Backyard,Test-Drive [2026-03-18 10:16:28 → 2026-03-18 10:45:21] ; Backyard [2026-03-18 10:45:22 → 2026-03-18 12:12:37] ; Test-Drive [2026-03-18 12:12:38 → 2026-03-18 12:50:21] ; Backyard [2026-03-18 12:50:22 → ∅],Test-Drive [2026-03-18T10:16:28.216 → 2026-03-18T10:45:21.670] ; Backyard [2026-03-18T10:45:22.670 → 2026-03-18T12:12:37.609] ; Test-Drive [2026-03-18T12:12:38.609 → 2026-03-18T12:50:21.992] ; Backyard [2026-03-18T12:50:22.992 → ∅],DIFF
KA008K,2026-03-18 12:12:59 Drive-In In,Drive In,Drive In,Drive In [2026-03-18 12:12:59 → ∅],Drive In [2026-03-18T12:12:59.725 → ∅],DIFF
KA0178TB,2026-03-17 15:34:09 Parking Out,Parking* → Backyard,Parking → Backyard,Parking [∅ → 2026-03-17 15:34:09] ; Backyard [2026-03-17 15:34:09 → ∅],Parking [∅ → 2026-03-17T15:34:09.426] ; Backyard [2026-03-17T15:34:09.426 → ∅],DIFF
KA0623MI,2026-03-18 10:43:10 Service -> Drive-In ; 2026-03-18 10:44:10 Service In,Service,Service,Service [2026-03-18 10:44:10 → ∅],Service [2026-03-18T10:44:10.825 → ∅],DIFF
KA0701CO,2026-03-19 10:50:45 Service -> Drive-In ; 2026-03-19 10:51:58 Service -> Drive-In ; 2026-03-19 11:09:11 Drive-In -> Service ; 2026-03-19 11:13:00 Service In ; 2026-03-19 11:32:59 Service In ; 2026-03-19 11:45:23 Service In ; 2026-03-19 12:27:49 Service In,Test-Drive → Backyard → Service,Test-Drive → Backyard → Service,Test-Drive [2026-03-19 10:51:58 → 2026-03-19 11:09:10] ; Backyard [2026-03-19 11:09:11 → 2026-03-19 11:12:59] ; Service [2026-03-19 11:13:00 → ∅],Test-Drive [2026-03-19T10:51:58.839 → 2026-03-19T11:09:10.649] ; Backyard [2026-03-19T11:09:11.649 → 2026-03-19T11:12:59.293] ; Service [2026-03-19T11:13:00.293 → ∅],DIFF
KA0732MT,2026-03-17 14:46:34 Drive-In -> Service ; 2026-03-19 12:02:56 Service In ; 2026-03-19 12:09:51 Service In ; 2026-03-19 12:19:17 Post Out (Post 2),Backyard → Service → Post 2* → Service,Backyard → Service → Post 2 → Service,Backyard [2026-03-17 14:46:34 → 2026-03-19 12:02:55] ; Service [2026-03-19 12:02:56 → ∅] ; Post 2 [∅ → 2026-03-19 12:19:17] ; Service [2026-03-19 12:19:17 → ∅],Backyard [2026-03-17T14:46:34.769 → 2026-03-19T12:02:55.700] ; Service [2026-03-19T12:02:56.700 → 2026-03-19T12:19:16.035] ; Post 2 [∅ → 2026-03-19T12:19:17.035] ; Service [2026-03-19T12:19:17.035 → ∅],DIFF
KA0887EI,2026-03-18 08:53:36 Service -> Drive-In ; 2026-03-19 09:00:29 Service -> Drive-In,,,,,OK
KA0993MP,2026-03-17 13:19:24 Service -> Drive-In ; 2026-03-17 13:21:09 Drive-In -> Service ; 2026-03-17 13:21:55 Service In ; 2026-03-18 15:52:20 Drive-In -> Service,Backyard → Service → Backyard,Backyard → Service → Backyard,Backyard [2026-03-17 13:21:09 → 2026-03-17 13:21:54] ; Service [2026-03-17 13:21:55 → 2026-03-18 15:52:19] ; Backyard [2026-03-18 15:52:20 → ∅],Backyard [2026-03-17T13:21:09.262 → 2026-03-17T13:21:54.909] ; Service [2026-03-17T13:21:55.909 → 2026-03-18T15:52:19.853] ; Backyard [2026-03-18T15:52:20.853 → ∅],DIFF
KA1007T,2026-03-19 11:48:51 Parking In,Parking,Parking,Parking [2026-03-19 11:48:51 → ∅],Parking [2026-03-19T11:48:51.249 → ∅],DIFF
KA1100CT,2026-03-17 15:28:02 Service In ; 2026-03-17 17:21:45 Service In ; 2026-03-19 13:58:22 Drive-In -> Service,Service → Backyard,Service → Backyard,Service [2026-03-17 15:28:02 → 2026-03-19 13:58:21] ; Backyard [2026-03-19 13:58:22 → ∅],Service [2026-03-17T15:28:02.053 → 2026-03-19T13:58:21.366] ; Backyard [2026-03-19T13:58:22.366 → ∅],DIFF
KA1163K,2026-03-18 14:34:35 Post Out (Post 1) ; 2026-03-18 14:40:04 Post Out (Post 1) ; 2026-03-18 14:43:26 Post Out (Post 1),Post 1* → Service → Post 1* → Service → Post 1* → Service,Post 1 → Service → Post 1 → Service → Post 1 → Service,Post 1 [∅ → 2026-03-18 14:34:35] ; Service [2026-03-18 14:34:35 → ∅] ; Post 1 [∅ → 2026-03-18 14:40:04] ; Service [2026-03-18 14:40:04 → ∅] ; Post 1 [∅ → 2026-03-18 14:43:26] ; Service [2026-03-18 14:43:26 → ∅],Post 1 [∅ → 2026-03-18T14:34:35.305] ; Service [2026-03-18T14:34:35.305 → 2026-03-18T14:40:03.246] ; Post 1 [∅ → 2026-03-18T14:40:04.246] ; Service [2026-03-18T14:40:04.246 → 2026-03-18T14:43:25.221] ; Post 1 [∅ → 2026-03-18T14:43:26.221] ; Service [2026-03-18T14:43:26.221 → ∅],DIFF
KA1163KK,2026-03-18 14:19:11 Service In ; 2026-03-18 14:19:54 Post Out (Post 1) ; 2026-03-18 14:26:48 Post In (Post 1) ; 2026-03-18 14:27:48 Post In (Post 1) ; 2026-03-18 14:33:54 Post In (Post 1) ; 2026-03-18 14:37:00 Post Out (Post 1) ; 2026-03-18 14:39:31 Post Out (Post 1) ; 2026-03-18 14:42:01 Post In (Post 1) ; 2026-03-18 14:43:01 Post In (Post 1) ; 2026-03-18 14:44:53 Post In (Post 1) ; 2026-03-18 14:52:50 Post In (Post 1) ; 2026-03-18 15:01:45 Post Out (Post 1) ; 2026-03-18 15:02:56 Post In (Post 1) ; 2026-03-18 15:03:56 Post In (Post 1) ; 2026-03-18 15:05:59 Post In (Post 1) ; 2026-03-18 15:06:59 Post In (Post 1) ; 2026-03-18 15:12:36 Post Out (Post 1) ; 2026-03-18 15:54:58 Post In (Post 1) ; 2026-03-18 15:55:58 Post In (Post 1) ; 2026-03-18 15:57:01 Post In (Post 1) ; 2026-03-18 15:57:02 Post In (Post 1) ; 2026-03-18 16:00:29 Service Out,Service → Post 1* → Service → Post 1 → Service → Backyard,Service → Post 1 → Service → Post 1 → Service → Backyard,Service [2026-03-18 14:19:11 → ∅] ; Post 1 [∅ → 2026-03-18 14:19:54] ; Service [2026-03-18 14:19:54 → 2026-03-18 14:26:47] ; Post 1 [2026-03-18 14:26:48 → 2026-03-18 15:12:36] ; Service [2026-03-18 15:12:37 → 2026-03-18 16:00:29] ; Backyard [2026-03-18 16:00:29 → ∅],Service [2026-03-18T14:19:11.569 → 2026-03-18T14:19:53.935] ; Post 1 [∅ → 2026-03-18T14:19:54.935] ; Service [2026-03-18T14:19:54.935 → 2026-03-18T14:26:47.420] ; Post 1 [2026-03-18T14:26:48.420 → 2026-03-18T15:12:36.313] ; Service [2026-03-18T15:12:37.313 → 2026-03-18T16:00:29.003] ; Backyard [2026-03-18T16:00:29.003 → ∅],DIFF
KA1164KK,2026-03-18 14:19:22 Post Out (Post 1),Post 1* → Service,Post 1 → Service,Post 1 [∅ → 2026-03-18 14:19:22] ; Service [2026-03-18 14:19:22 → ∅],Post 1 [∅ → 2026-03-18T14:19:22.194] ; Service [2026-03-18T14:19:22.194 → ∅],DIFF
KA1211AO,2026-03-19 10:45:36 Service -> Drive-In ; 2026-03-19 11:03:46 Drive-In -> Service ; 2026-03-19 11:12:11 Service In ; 2026-03-19 13:15:00 Service Out ; 2026-03-19 13:37:54 Drive-In -> Service,Test-Drive → Backyard → Service → Backyard,Test-Drive → Backyard → Service → Backyard,Test-Drive [2026-03-19 10:45:36 → 2026-03-19 11:03:45] ; Backyard [2026-03-19 11:03:46 → 2026-03-19 11:12:10] ; Service [2026-03-19 11:12:11 → 2026-03-19 13:14:59] ; Backyard [2026-03-19 13:15:00 → ∅],Test-Drive [2026-03-19T10:45:36.661 → 2026-03-19T11:03:45.133] ; Backyard [2026-03-19T11:03:46.133 → 2026-03-19T11:12:10.346] ; Service [2026-03-19T11:12:11.346 → 2026-03-19T13:14:59.791] ; Backyard [2026-03-19T13:15:00.791 → ∅],DIFF
KA2009PB,2026-03-18 09:35:37 Service -> Drive-In ; 2026-03-19 08:48:52 Service -> Drive-In,,,,,OK
KA2105PE,2026-03-19 09:05:26 Service -> Drive-In,,,,,OK
KA2458FT,2026-03-18 18:42:41 Parking In,Parking,Parking,Parking [2026-03-18 18:42:41 → ∅],Parking [2026-03-18T18:42:41.267 → ∅],DIFF
KA2654TA,2026-03-17 13:01:22 Parking In ; 2026-03-17 13:34:26 Service -> Drive-In ; 2026-03-17 13:35:20 Parking Out ; 2026-03-17 14:44:12 Parking In ; 2026-03-17 15:13:54 Service -> Drive-In ; 2026-03-17 15:14:39 Parking Out ; 2026-03-18 10:56:12 Parking In ; 2026-03-18 11:28:36 Service -> Drive-In ; 2026-03-18 11:29:58 Parking Out ; 2026-03-18 16:34:52 Service -> Drive-In ; 2026-03-18 18:21:30 Parking In ; 2026-03-18 18:25:04 Service -> Drive-In ; 2026-03-18 18:27:08 Parking Out ; 2026-03-19 10:14:19 Parking In ; 2026-03-19 10:31:58 Parking Out,Parking → Parking* → Backyard → Parking → Parking* → Backyard → Parking → Parking* → Backyard || Parking → Parking* → Backyard → Parking → Backyard,Parking → Parking → Backyard → Parking → Parking → Backyard → Parking → Parking → Backyard → Parking → Parking → Backyard → Parking → Backyard,Parking [2026-03-17 13:01:22 → 2026-03-17 13:34:25] ; Parking [∅ → 2026-03-17 13:35:20] ; Backyard [2026-03-17 13:35:20 → 2026-03-17 14:44:11] ; Parking [2026-03-17 14:44:12 → 2026-03-17 15:13:53] ; Parking [∅ → 2026-03-17 15:14:39] ; Backyard [2026-03-17 15:14:39 → 2026-03-18 10:56:11] ; Parking [2026-03-18 10:56:12 → 2026-03-18 11:28:35] ; Parking [∅ → 2026-03-18 11:29:58] ; Backyard [2026-03-18 11:29:58 → 2026-03-18 16:34:51] || Parking [2026-03-18 18:21:30 → 2026-03-18 18:25:03] ; Parking [∅ → 2026-03-18 18:27:08] ; Backyard [2026-03-18 18:27:08 → 2026-03-19 10:14:18] ; Parking [2026-03-19 10:14:19 → 2026-03-19 10:31:57] ; Backyard [2026-03-19 10:31:58 → ∅],Parking [2026-03-17T13:01:22.397 → 2026-03-17T13:34:25.992] ; Parking [∅ → 2026-03-17T13:35:20.809] ; Backyard [2026-03-17T13:35:20.809 → 2026-03-17T14:44:11.677] ; Parking [2026-03-17T14:44:12.677 → 2026-03-17T15:13:53.844] ; Parking [∅ → 2026-03-17T15:14:39.991] ; Backyard [2026-03-17T15:14:39.991 → 2026-03-18T10:56:11.525] ; Parking [2026-03-18T10:56:12.525 → 2026-03-18T11:28:35.247] ; Parking [∅ → 2026-03-18T11:29:58.400] ; Backyard [2026-03-18T11:29:58.400 → 2026-03-18T16:34:51.083] ; Parking [2026-03-18T18:21:30.587 → 2026-03-18T18:25:03.954] ; Parking [∅ → 2026-03-18T18:27:08.487] ; Backyard [2026-03-18T18:27:08.487 → 2026-03-19T10:14:18.522] ; Parking [2026-03-19T10:14:19.522 → 2026-03-19T10:31:57.578] ; Backyard [2026-03-19T10:31:58.578 → ∅],DIFF
KA3269BK,2026-03-19 12:41:58 Service -> Drive-In,,,,,OK
KA3547MK,2026-03-19 14:03:03 Drive-In -> Service ; 2026-03-19 14:03:26 Service In,Backyard → Service,Backyard → Service,Backyard [2026-03-19 14:03:03 → 2026-03-19 14:03:25] ; Service [2026-03-19 14:03:26 → ∅],Backyard [2026-03-19T14:03:03.702 → 2026-03-19T14:03:25.115] ; Service [2026-03-19T14:03:26.115 → ∅],DIFF
KA3739PI,2026-03-19 13:11:22 Drive-In -> Service,Backyard,Backyard,Backyard [2026-03-19 13:11:22 → ∅],Backyard [2026-03-19T13:11:22.234 → ∅],DIFF
KA3844CH,2026-03-19 13:16:07 Service -> Drive-In,,,,,OK
KA3915EA,2026-03-17 13:21:42 Service In ; 2026-03-17 13:39:04 Service -> Drive-In ; 2026-03-17 14:37:10 Drive-In -> Service,Service → Test-Drive → Backyard,Service → Test-Drive → Backyard,Service [2026-03-17 13:21:42 → 2026-03-17 13:39:03] ; Test-Drive [2026-03-17 13:39:04 → 2026-03-17 14:37:09] ; Backyard [2026-03-17 14:37:10 → ∅],Service [2026-03-17T13:21:42.546 → 2026-03-17T13:39:03.239] ; Test-Drive [2026-03-17T13:39:04.239 → 2026-03-17T14:37:09.479] ; Backyard [2026-03-17T14:37:10.479 → ∅],DIFF
KA4331PX,2026-03-18 10:55:33 Parking In ; 2026-03-18 11:21:35 Service -> Drive-In ; 2026-03-18 11:22:35 Service -> Drive-In ; 2026-03-18 11:31:10 Parking Out,Parking → Test-Drive → Parking* → Backyard,Parking → Test-Drive → Parking → Backyard,Parking [2026-03-18 10:55:33 → 2026-03-18 11:21:34] ; Test-Drive [2026-03-18 11:22:35 → 2026-03-18 11:31:09] ; Parking [∅ → 2026-03-18 11:31:10] ; Backyard [2026-03-18 11:31:10 → ∅],Parking [2026-03-18T10:55:33.502 → 2026-03-18T11:21:34.096] ; Test-Drive [2026-03-18T11:22:35.239 → 2026-03-18T11:31:09.394] ; Parking [∅ → 2026-03-18T11:31:10.394] ; Backyard [2026-03-18T11:31:10.394 → ∅],DIFF
KA4415ME,2026-03-18 11:33:36 Service -> Drive-In ; 2026-03-18 11:52:49 Drive-In -> Service ; 2026-03-18 11:53:15 Service In ; 2026-03-18 15:49:17 Service Out ; 2026-03-18 15:57:02 Service -> Drive-In ; 2026-03-18 16:30:41 Drive-In -> Service,Test-Drive → Backyard → Service → Backyard → Test-Drive → Backyard,Test-Drive → Backyard → Service → Backyard → Test-Drive → Backyard,Test-Drive [2026-03-18 11:33:36 → 2026-03-18 11:52:48] ; Backyard [2026-03-18 11:52:49 → 2026-03-18 11:53:14] ; Service [2026-03-18 11:53:15 → 2026-03-18 15:49:16] ; Backyard [2026-03-18 15:49:17 → 2026-03-18 15:57:01] ; Test-Drive [2026-03-18 15:57:02 → 2026-03-18 16:30:40] ; Backyard [2026-03-18 16:30:41 → ∅],Test-Drive [2026-03-18T11:33:36.316 → 2026-03-18T11:52:48.632] ; Backyard [2026-03-18T11:52:49.632 → 2026-03-18T11:53:14.072] ; Service [2026-03-18T11:53:15.072 → 2026-03-18T15:49:16.352] ; Backyard [2026-03-18T15:49:17.352 → 2026-03-18T15:57:01.525] ; Test-Drive [2026-03-18T15:57:02.525 → 2026-03-18T16:30:40.964] ; Backyard [2026-03-18T16:30:41.964 → ∅],DIFF
KA4444C,2026-03-18 16:19:01 Service Out,Service* → Backyard,Service → Backyard,Service [∅ → 2026-03-18 16:19:01] ; Backyard [2026-03-18 16:19:01 → ∅],Service [∅ → 2026-03-18T16:19:01.030] ; Backyard [2026-03-18T16:19:01.030 → ∅],DIFF
KA4444CX,2026-03-18 17:23:44 Service -> Drive-In ; 2026-03-19 11:17:18 Drive-In -> Service,Backyard,Backyard,Backyard [2026-03-19 11:17:18 → ∅],Backyard [2026-03-19T11:17:18.698 → ∅],DIFF
KA4511P,2026-03-18 11:31:20 Parking In,Parking,Parking,Parking [2026-03-18 11:31:20 → ∅],Parking [2026-03-18T11:31:20.691 → ∅],DIFF
KA4730AM,2026-03-18 08:23:15 Service -> Drive-In ; 2026-03-19 08:26:50 Service -> Drive-In,,,,,OK
KA4796PC,2026-03-18 09:01:42 Service -> Drive-In,,,,,OK
KA5086KA,2026-03-19 10:06:30 Drive-In -> Service ; 2026-03-19 10:15:11 Drive-In -> Service,Backyard,Backyard,Backyard [2026-03-19 10:06:30 → ∅],Backyard [2026-03-19T10:06:30.936 → ∅],DIFF
KA5257TB,2026-03-17 16:03:07 Service -> Drive-In ; 2026-03-18 08:50:55 Service -> Drive-In,,,,,OK
KA5412BM,2026-03-18 09:03:01 Service -> Drive-In ; 2026-03-19 08:27:04 Service -> Drive-In,,,,,OK
KA603H,2026-03-18 17:44:29 Service In,Service,Service,Service [2026-03-18 17:44:29 → ∅],Service [2026-03-18T17:44:29.869 → ∅],DIFF
KA6050H,2026-03-18 17:44:30 Service In,Service,Service,Service [2026-03-18 17:44:30 → ∅],Service [2026-03-18T17:44:30.013 → ∅],DIFF
KA6050PH,2026-03-18 12:44:15 Service -> Drive-In ; 2026-03-18 17:43:49 Drive-In -> Service ; 2026-03-19 11:12:54 Service Out,Backyard → Service*,Backyard,Backyard [2026-03-18 17:43:49 → ∅] ; Service [∅ → 2026-03-19 11:12:54],Backyard [2026-03-18T17:43:49.418 → ∅],DIFF
KA6137MT,2026-03-17 12:54:53 Parking In ; 2026-03-17 13:01:20 Drive-In -> Service,Parking → Backyard,Parking → Backyard,Parking [2026-03-17 12:54:53 → 2026-03-17 13:01:19] ; Backyard [2026-03-17 13:01:20 → ∅],Parking [2026-03-17T12:54:53.762 → 2026-03-17T13:01:19.218] ; Backyard [2026-03-17T13:01:20.218 → ∅],DIFF
KA6274EX,2026-03-17 15:02:21 Service -> Drive-In ; 2026-03-17 15:05:11 Drive-In -> Service,Backyard,Backyard,Backyard [2026-03-17 15:05:11 → ∅],Backyard [2026-03-17T15:05:11.365 → ∅],DIFF
KA6550TB,2026-03-18 13:56:58 Service -> Drive-In ; 2026-03-18 14:22:21 Drive-In -> Service,Test-Drive → Backyard,Test-Drive → Backyard,Test-Drive [2026-03-18 13:56:58 → 2026-03-18 14:22:20] ; Backyard [2026-03-18 14:22:21 → ∅],Test-Drive [2026-03-18T13:56:58.185 → 2026-03-18T14:22:20.437] ; Backyard [2026-03-18T14:22:21.437 → ∅],DIFF
KA6574CE,2026-03-19 08:40:17 Service -> Drive-In,,,,,OK
KA7000CX,2026-03-17 15:01:59 Drive-In -> Service ; 2026-03-17 15:02:43 Service In ; 2026-03-18 10:19:48 Drive-In -> Service ; 2026-03-18 10:20:51 Parking Out ; 2026-03-18 14:06:08 Service -> Drive-In ; 2026-03-18 14:17:52 Drive-In -> Service,Backyard → Service → Backyard → Parking* → Test-Drive → Backyard,Backyard → Service → Backyard → Test-Drive → Backyard,Backyard [2026-03-17 15:01:59 → 2026-03-17 15:02:42] ; Service [2026-03-17 15:02:43 → 2026-03-18 10:19:47] ; Backyard [2026-03-18 10:19:48 → 2026-03-18 14:06:07] ; Parking [∅ → 2026-03-18 10:20:51] ; Test-Drive [2026-03-18 14:06:08 → 2026-03-18 14:17:51] ; Backyard [2026-03-18 14:17:52 → ∅],Backyard [2026-03-17T15:01:59.947 → 2026-03-17T15:02:42.928] ; Service [2026-03-17T15:02:43.928 → 2026-03-18T10:19:47.848] ; Backyard [2026-03-18T10:19:48.848 → 2026-03-18T14:06:07.428] ; Test-Drive [2026-03-18T14:06:08.428 → 2026-03-18T14:17:51.812] ; Backyard [2026-03-18T14:17:52.812 → ∅],DIFF
KA7361PT,2026-03-17 14:58:43 Parking In ; 2026-03-17 15:00:14 Service In ; 2026-03-18 12:58:21 Service In ; 2026-03-18 14:01:53 Parking Out,Parking → Service → Parking* → Backyard,Parking → Service → Parking → Backyard,Parking [2026-03-17 14:58:43 → 2026-03-17 15:00:13] ; Service [2026-03-17 15:00:14 → ∅] ; Parking [∅ → 2026-03-18 14:01:53] ; Backyard [2026-03-18 14:01:53 → ∅],Parking [2026-03-17T14:58:43.874 → 2026-03-17T15:00:13.672] ; Service [2026-03-17T15:00:14.672 → 2026-03-18T14:01:52.296] ; Parking [∅ → 2026-03-18T14:01:53.296] ; Backyard [2026-03-18T14:01:53.296 → ∅],DIFF
KA7368PT,2026-03-17 14:46:23 Service In ; 2026-03-18 16:26:06 Drive-In -> Service,Service → Backyard,Service → Backyard,Service [2026-03-17 14:46:23 → 2026-03-18 16:26:05] ; Backyard [2026-03-18 16:26:06 → ∅],Service [2026-03-17T14:46:23.219 → 2026-03-18T16:26:05.952] ; Backyard [2026-03-18T16:26:06.952 → ∅],DIFF
KA7458PT,2026-03-17 16:58:57 Parking In ; 2026-03-17 17:37:26 Drive-In -> Service ; 2026-03-17 17:42:45 Parking Out ; 2026-03-18 09:06:52 Parking In ; 2026-03-18 09:54:27 Drive-In -> Service ; 2026-03-18 18:42:37 Parking Out,Parking → Backyard → Parking* → Parking → Backyard → Parking*,Parking → Backyard → Parking → Backyard,Parking [2026-03-17 16:58:57 → 2026-03-17 17:37:25] ; Backyard [2026-03-17 17:37:26 → 2026-03-18 09:06:51] ; Parking [∅ → 2026-03-17 17:42:45] ; Parking [2026-03-18 09:06:52 → 2026-03-18 09:54:26] ; Backyard [2026-03-18 09:54:27 → ∅] ; Parking [∅ → 2026-03-18 18:42:37],Parking [2026-03-17T16:58:57.625 → 2026-03-17T17:37:25.596] ; Backyard [2026-03-17T17:37:26.596 → 2026-03-18T09:06:51.922] ; Parking [2026-03-18T09:06:52.922 → 2026-03-18T09:54:26.122] ; Backyard [2026-03-18T09:54:27.122 → ∅],DIFF
KA7509T,2026-03-18 14:02:15 Parking Out,Parking* → Backyard,Parking → Backyard,Parking [∅ → 2026-03-18 14:02:15] ; Backyard [2026-03-18 14:02:15 → ∅],Parking [∅ → 2026-03-18T14:02:15.838] ; Backyard [2026-03-18T14:02:15.838 → ∅],DIFF
KA7781PA,2026-03-18 09:15:13 Service In ; 2026-03-18 09:16:18 Service In ; 2026-03-18 09:21:02 Service In ; 2026-03-18 09:22:02 Service In ; 2026-03-18 09:23:31 Service In ; 2026-03-18 09:24:32 Service In ; 2026-03-18 09:25:13 Drive-In -> Service ; 2026-03-18 10:01:39 Drive-In -> Service ; 2026-03-19 08:58:21 Service In ; 2026-03-19 09:02:03 Service In ; 2026-03-19 09:02:42 Service Out,Service → Backyard → Service → Backyard,Service → Backyard → Service → Backyard,Service [2026-03-18 09:15:13 → 2026-03-18 09:25:12] ; Backyard [2026-03-18 09:25:13 → 2026-03-19 08:58:20] ; Service [2026-03-19 08:58:21 → 2026-03-19 09:02:41] ; Backyard [2026-03-19 09:02:42 → ∅],Service [2026-03-18T09:15:13.528 → 2026-03-18T09:25:12.055] ; Backyard [2026-03-18T09:25:13.055 → 2026-03-19T08:58:20.352] ; Service [2026-03-19T08:58:21.352 → 2026-03-19T09:02:41.808] ; Backyard [2026-03-19T09:02:42.808 → ∅],DIFF
KA7828BB,2026-03-18 09:11:57 Service -> Drive-In ; 2026-03-18 10:09:48 Drive-In -> Service ; 2026-03-18 10:10:18 Service In ; 2026-03-19 12:35:59 Service Out ; 2026-03-19 13:10:39 Drive-In -> Service ; 2026-03-19 13:11:06 Service In,Test-Drive → Backyard → Service → Backyard → Service,Test-Drive → Backyard → Service → Backyard → Service,Test-Drive [2026-03-18 09:11:57 → 2026-03-18 10:09:47] ; Backyard [2026-03-18 10:09:48 → 2026-03-18 10:10:17] ; Service [2026-03-18 10:10:18 → 2026-03-19 12:35:58] ; Backyard [2026-03-19 12:35:59 → 2026-03-19 13:11:05] ; Service [2026-03-19 13:11:06 → ∅],Test-Drive [2026-03-18T09:11:57.871 → 2026-03-18T10:09:47.555] ; Backyard [2026-03-18T10:09:48.555 → 2026-03-18T10:10:17.382] ; Service [2026-03-18T10:10:18.382 → 2026-03-19T12:35:58.297] ; Backyard [2026-03-19T12:35:59.297 → 2026-03-19T13:11:05.729] ; Service [2026-03-19T13:11:06.729 → ∅],DIFF
KA7945EE,2026-03-17 14:58:04 Drive-In -> Service,Backyard,Backyard,Backyard [2026-03-17 14:58:04 → ∅],Backyard [2026-03-17T14:58:04.145 → ∅],DIFF
KA8116MC,2026-03-19 11:43:08 Service -> Drive-In ; 2026-03-19 11:57:48 Drive-In -> Service ; 2026-03-19 11:58:41 Service In,Test-Drive → Backyard → Service,Test-Drive → Backyard → Service,Test-Drive [2026-03-19 11:43:08 → 2026-03-19 11:57:47] ; Backyard [2026-03-19 11:57:48 → 2026-03-19 11:58:40] ; Service [2026-03-19 11:58:41 → ∅],Test-Drive [2026-03-19T11:43:08.140 → 2026-03-19T11:57:47.136] ; Backyard [2026-03-19T11:57:48.136 → 2026-03-19T11:58:40.045] ; Service [2026-03-19T11:58:41.045 → ∅],DIFF
KA8176TB,2026-03-17 13:46:49 Parking In ; 2026-03-17 15:34:05 Parking Out,Parking → Backyard,Parking → Backyard,Parking [2026-03-17 13:46:49 → 2026-03-17 15:34:04] ; Backyard [2026-03-17 15:34:05 → ∅],Parking [2026-03-17T13:46:49.435 → 2026-03-17T15:34:04.400] ; Backyard [2026-03-17T15:34:05.400 → ∅],DIFF
KA8177MT,2026-03-18 10:00:05 Service -> Drive-In,,,,,OK
KA8186TB,2026-03-17 13:31:29 Parking In ; 2026-03-17 14:29:50 Parking Out ; 2026-03-18 12:05:36 Parking In ; 2026-03-18 12:47:12 Service -> Drive-In ; 2026-03-18 15:14:42 Service -> Drive-In ; 2026-03-19 12:43:05 Parking In ; 2026-03-19 12:50:58 Parking Out,Parking → Backyard → Parking || Parking → Backyard,Parking → Backyard → Parking → Parking → Backyard,Parking [2026-03-17 13:31:29 → 2026-03-17 14:29:49] ; Backyard [2026-03-17 14:29:50 → 2026-03-18 12:05:35] ; Parking [2026-03-18 12:05:36 → 2026-03-18 12:47:11] || Parking [2026-03-19 12:43:05 → 2026-03-19 12:50:57] ; Backyard [2026-03-19 12:50:58 → ∅],Parking [2026-03-17T13:31:29.220 → 2026-03-17T14:29:49.919] ; Backyard [2026-03-17T14:29:50.919 → 2026-03-18T12:05:35.888] ; Parking [2026-03-18T12:05:36.888 → 2026-03-18T12:47:11.600] ; Parking [2026-03-19T12:43:05.219 → 2026-03-19T12:50:57.014] ; Backyard [2026-03-19T12:50:58.014 → ∅],DIFF
KA8390PI,2026-03-18 17:08:20 Parking In ; 2026-03-18 17:33:51 Service -> Drive-In ; 2026-03-18 17:34:44 Parking Out ; 2026-03-19 11:59:35 Parking In ; 2026-03-19 12:14:01 Service -> Drive-In ; 2026-03-19 12:14:41 Parking Out ; 2026-03-19 12:41:04 Parking In,Parking → Parking* → Backyard → Parking → Parking* → Backyard → Parking,Parking → Parking → Backyard → Parking → Parking → Backyard → Parking,Parking [2026-03-18 17:08:20 → 2026-03-18 17:33:50] ; Parking [∅ → 2026-03-18 17:34:44] ; Backyard [2026-03-18 17:34:44 → 2026-03-19 11:59:34] ; Parking [2026-03-19 11:59:35 → 2026-03-19 12:14:00] ; Parking [∅ → 2026-03-19 12:14:41] ; Backyard [2026-03-19 12:14:41 → 2026-03-19 12:41:03] ; Parking [2026-03-19 12:41:04 → ∅],Parking [2026-03-18T17:08:20.685 → 2026-03-18T17:33:50.651] ; Parking [∅ → 2026-03-18T17:34:44.988] ; Backyard [2026-03-18T17:34:44.988 → 2026-03-19T11:59:34.495] ; Parking [2026-03-19T11:59:35.495 → 2026-03-19T12:14:00.129] ; Parking [∅ → 2026-03-19T12:14:41.962] ; Backyard [2026-03-19T12:14:41.962 → 2026-03-19T12:41:03.489] ; Parking [2026-03-19T12:41:04.489 → ∅],DIFF
KA8564KK,2026-03-18 08:22:56 Service -> Drive-In ; 2026-03-19 08:18:25 Service -> Drive-In,,,,,OK
KA8611PK,2026-03-17 12:57:55 Parking In ; 2026-03-17 12:59:52 Parking Out ; 2026-03-17 15:41:31 Parking In ; 2026-03-17 17:37:26 Parking Out ; 2026-03-18 11:22:04 Parking In ; 2026-03-18 12:12:14 Service -> Drive-In ; 2026-03-18 12:13:07 Parking Out ; 2026-03-18 13:28:11 Service -> Drive-In,Parking → Backyard → Parking → Backyard → Parking → Parking* → Backyard,Parking → Backyard → Parking → Backyard → Parking → Parking → Backyard,Parking [2026-03-17 12:57:55 → 2026-03-17 12:59:51] ; Backyard [2026-03-17 12:59:52 → 2026-03-17 15:41:30] ; Parking [2026-03-17 15:41:31 → 2026-03-17 17:37:25] ; Backyard [2026-03-17 17:37:26 → 2026-03-18 11:22:03] ; Parking [2026-03-18 11:22:04 → 2026-03-18 12:12:13] ; Parking [∅ → 2026-03-18 12:13:07] ; Backyard [2026-03-18 12:13:07 → 2026-03-18 13:28:10],Parking [2026-03-17T12:57:55.288 → 2026-03-17T12:59:51.545] ; Backyard [2026-03-17T12:59:52.545 → 2026-03-17T15:41:30.500] ; Parking [2026-03-17T15:41:31.500 → 2026-03-17T17:37:25.575] ; Backyard [2026-03-17T17:37:26.575 → 2026-03-18T11:22:03.221] ; Parking [2026-03-18T11:22:04.221 → 2026-03-18T12:12:13.631] ; Parking [∅ → 2026-03-18T12:13:07.125] ; Backyard [2026-03-18T12:13:07.125 → 2026-03-18T13:28:10.464],DIFF
KA8643HP,2026-03-18 15:26:48 Service -> Drive-In,,,,,OK
KA8820IA,2026-03-17 14:10:24 Drive-In -> Service,Backyard,Backyard,Backyard [2026-03-17 14:10:24 → ∅],Backyard [2026-03-17T14:10:24.609 → ∅],DIFF
KA9158HO,2026-03-18 08:37:24 Drive-In -> Service,Backyard,Backyard,Backyard [2026-03-18 08:37:24 → ∅],Backyard [2026-03-18T08:37:24.741 → ∅],DIFF
KA9307HI,2026-03-18 15:26:36 Service -> Drive-In ; 2026-03-18 15:31:40 Drive-In -> Service,Test-Drive → Backyard,Test-Drive → Backyard,Test-Drive [2026-03-18 15:26:36 → 2026-03-18 15:31:39] ; Backyard [2026-03-18 15:31:40 → ∅],Test-Drive [2026-03-18T15:26:36.858 → 2026-03-18T15:31:39.018] ; Backyard [2026-03-18T15:31:40.018 → ∅],DIFF
KA9336ME,2026-03-18 17:34:37 Service In ; 2026-03-19 10:14:24 Service In ; 2026-03-19 11:38:11 Service -> Drive-In ; 2026-03-19 13:01:10 Drive-In -> Service ; 2026-03-19 13:04:00 Parking Out,Service || Backyard → Parking*,Service → Backyard,Service [2026-03-18 17:34:37 → 2026-03-19 11:38:10] || Backyard [2026-03-19 13:01:10 → ∅] ; Parking [∅ → 2026-03-19 13:04:00],Service [2026-03-18T17:34:37.663 → 2026-03-19T11:38:10.764] ; Backyard [2026-03-19T13:01:10.831 → ∅],DIFF
KA9911AO,2026-03-18 13:04:19 Service -> Drive-In ; 2026-03-18 13:19:20 Drive-In -> Service ; 2026-03-18 13:19:53 Service In ; 2026-03-18 13:57:31 Service -> Drive-In ; 2026-03-18 14:00:03 Drive-In -> Service,Test-Drive → Backyard → Service → Backyard,Test-Drive → Backyard → Service → Backyard,Test-Drive [2026-03-18 13:04:19 → 2026-03-18 13:19:19] ; Backyard [2026-03-18 13:19:20 → 2026-03-18 13:19:52] ; Service [2026-03-18 13:19:53 → 2026-03-18 13:57:30] ; Backyard [2026-03-18 14:00:03 → ∅],Test-Drive [2026-03-18T13:04:19.383 → 2026-03-18T13:19:19.861] ; Backyard [2026-03-18T13:19:20.861 → 2026-03-18T13:19:52.459] ; Service [2026-03-18T13:19:53.459 → 2026-03-18T13:57:30.841] ; Backyard [2026-03-18T14:00:03.362 → ∅],DIFF
KA9990BH,2026-03-17 17:45:45 Service -> Drive-In ; 2026-03-17 17:55:08 Drive-In -> Service ; 2026-03-17 17:56:06 Service In,Test-Drive → Backyard → Service,Test-Drive → Backyard → Service,Test-Drive [2026-03-17 17:45:45 → 2026-03-17 17:55:07] ; Backyard [2026-03-17 17:55:08 → 2026-03-17 17:56:05] ; Service [2026-03-17 17:56:06 → ∅],Test-Drive [2026-03-17T17:45:45.036 → 2026-03-17T17:55:07.616] ; Backyard [2026-03-17T17:55:08.616 → 2026-03-17T17:56:05.969] ; Service [2026-03-17T17:56:06.969 → ∅],DIFF
KI0678AC,2026-03-18 08:44:02 Service -> Drive-In ; 2026-03-18 08:46:33 Service -> Drive-In ; 2026-03-18 09:57:38 Drive-In -> Service ; 2026-03-18 09:58:09 Service In ; 2026-03-18 14:10:21 Service In ; 2026-03-18 15:44:37 Service -> Drive-In ; 2026-03-18 15:57:57 Drive-In -> Service,Backyard → Service → Test-Drive → Backyard,Backyard → Service → Test-Drive → Backyard,Backyard [2026-03-18 09:57:38 → 2026-03-18 09:58:08] ; Service [2026-03-18 09:58:09 → 2026-03-18 15:44:36] ; Test-Drive [2026-03-18 15:44:37 → 2026-03-18 15:57:56] ; Backyard [2026-03-18 15:57:57 → ∅],Backyard [2026-03-18T09:57:38.804 → 2026-03-18T09:58:08.064] ; Service [2026-03-18T09:58:09.064 → 2026-03-18T15:44:36.580] ; Test-Drive [2026-03-18T15:44:37.580 → 2026-03-18T15:57:56.289] ; Backyard [2026-03-18T15:57:57.289 → ∅],DIFF
KI2813AB,2026-03-18 09:18:18 Service -> Drive-In,,,,,OK
KI8888XP,2026-03-19 14:13:32 Drive-In -> Service ; 2026-03-19 14:14:19 Service In ; 2026-03-19 14:22:50 Service Out ; 2026-03-19 14:23:50 Service In,Backyard → Service → Backyard → Service,Backyard → Service → Backyard → Service,Backyard [2026-03-19 14:13:32 → 2026-03-19 14:14:18] ; Service [2026-03-19 14:14:19 → 2026-03-19 14:22:49] ; Backyard [2026-03-19 14:22:50 → 2026-03-19 14:23:49] ; Service [2026-03-19 14:23:50 → ∅],Backyard [2026-03-19T14:13:32.716 → 2026-03-19T14:14:18.322] ; Service [2026-03-19T14:14:19.322 → 2026-03-19T14:22:49.774] ; Backyard [2026-03-19T14:22:50.774 → 2026-03-19T14:23:49.905] ; Service [2026-03-19T14:23:50.905 → ∅],DIFF
KO4331P,2026-03-18 10:55:44 Parking In,Parking,Parking,Parking [2026-03-18 10:55:44 → ∅],Parking [2026-03-18T10:55:44.532 → ∅],DIFF
XA9311AO,2026-03-18 13:19:22 Drive-In -> Service,Backyard,Backyard,Backyard [2026-03-18 13:19:22 → ∅],Backyard [2026-03-18T13:19:22.257 → ∅],DIFF
